<?xml version="1.0"?>
<!DOCTYPE topology SYSTEM "/usr/share/lib/xml/dtd/topology.dtd.1">
<!--
 Copyright 2006 Sun Microsystems, Inc.  All rights reserved.
 Use is subject to license terms.

    ident	"@(#)hc-topology.xml	1.2	06/05/18 SMI"
-->

<topology name='i86pc' scheme='hc'>

  <range name='motherboard' min='0' max='0'>
    <node instance='0'>
      <propgroup name='protocol'>
        <propval name='FRU' type='fmri'
          value='hc:///motherboard=0' />
        <propval name='label' type='string'
          value='MB' />
      </propgroup>
    </node>
    <dependents grouping='children'>

      <range name='chip' min='0' max='100'>
        <enum-method name='chip' version='1'
          path='%r/usr/platform/i86pc/lib/fm/topo/plugins' />
      </range>

      <range name='hostbridge' min='0' max='254'>
        <enum-method name='hostbridge' version='1'
          path='%r/usr/platform/i86pc/lib/fm/topo/plugins' />
      </range>

    </dependents>
  </range>

</topology>
